rating,avg_rental_rate,min_rental_duration,max_rental_duration
PG,3.05185567,3,7
R,2.938717949,3,7
NC-17,2.970952381,3,7
PG-13,3.034843049,3,7
G,2.888876404,3,7
